,response,context
0,She's openly flirting with women and getting their contact info while ignoring you,my girlfriend has previously hooked up with her roommate and I‚Äôm struggling to feel comfortable with their dynamic.
1,Also she might not be on the same page as you about what you need in a relationship,She's openly flirting with women and getting their contact info while ignoring you
2,There‚Äôs no difference in what is to be expected in a monogamous relationship,Bisexual gf was hooking up with her roommate
3,I'm sorry but if her roommate was a male this would be a 100% no fly zone,There‚Äôs no difference in what is to be expected in a monogamous relationship
4,No,"; now that I have money, my father is demanding a lambo and 100k (infact that is what he was demanding me since I was a child), never helped me financially after 18 and affected my negatively mentally. Not sure what to say ."
5,he threatens to cut me off from family; Im the only one in the family member livinging and born in a western coutnry,No
6,I actually would gift him the car‚Ä¶ in miniature! That‚Äôs half the problem solved,My 5X father demanding me 25M to purchase him a Lamborghini and give him 100k.
7,And give him that hundred grand candy bar,I actually would gift him the car‚Ä¶ in miniature! That‚Äôs half the problem solved
8,">What do I do?

What do you want him to do? Take you on dates? If so, what kind of dates? How often? Hug/kiss/compliment you? If so, how often?

What I'm poking at here is to use your words and *be specific",‚Äì Busy husband only ever wants to have sex during our limited time together.
9,"I like this comment, it is direct",">What do I do?

What do you want him to do? Take you on dates? If so, what kind of dates? How often? Hug/kiss/compliment you? If so, how often?

What I'm poking at here is to use your words and *be specific"
10,You should tell him the situation is making you feel like a sex doll,My  husband  only ever wants to have sex‚Ä¶
12,"As someone who‚Äôs been sober for years now and has the same dental issues, if my partners friends said something about my smile I wouldn‚Äôt want to know",": my friends made fun of my bf‚Äôs dental issues after being nice to his face. Not sure if I should tell him what they said, or spare his feelings, and if I should give my friends a chance to apologize."
13,Yea I didn‚Äôt realize how expensive it was,"As someone who‚Äôs been sober for years now and has the same dental issues, if my partners friends said something about my smile I wouldn‚Äôt want to know"
14,You seem to really care for this guy,My friends made fun of my boyfriend‚Äôs appearance.
15,Anyone who makes fun of another person's laugh or smile has a long way to go before they've matured,You seem to really care for this guy
16,The problem isn‚Äôt Tim and the parents,": My boyfriend's identical twin and their family had a rough start with me, but it isn't getting better. I decided for me personally that I want to see them less, but Pete, my boyfriend, won't go alone to visit them and I feel like a bad girlfriend."
18,It's Pete's decision to distance himself from the rest of his family,I struggle to find a good way on how to deal with my boyfriends identical twin
20,"Are there local clubs for him to join, volunteer opportunties where he might be able to make more friends locally? Maybe he is feeling isolated after the move",": bf of 5 years moved very far to be with me, and moved in with me. He hates his job and career and is constantly depressed. I don‚Äôt know how to help or improve our relationship."
21,Thanks so much! I‚Äôll bring it up like this in a gentle way,"Are there local clubs for him to join, volunteer opportunties where he might be able to make more friends locally? Maybe he is feeling isolated after the move"
22,Honestly to me it sounds like he would prefer to just not work and have you provide for the both of you,Me  living with my bf  who moved very far and got a new job to be with me. He‚Äôs constantly depressed and I don‚Äôt know how to help
23,Yeah he‚Äôs paying his part and doing his fair share of housework and cooking,Honestly to me it sounds like he would prefer to just not work and have you provide for the both of you
24,"You can look at it two ways:

1",": I have 'outgrown' him and the passion is gone, tips?"
25,"Thanks for your reply! 
1","You can look at it two ways:

1"
26,Unfortunately we can be creatures of habit,"I  am not depending on him  anymore, passion is gone"
28,30 is not old,**: getting older is taking a toll on me. How do I feel less alone?
29,I like to read and write,30 is not old
30,"Hey, another 30F here and I can very much relate",How can I  stop feeling alone and old at age 30?
32,I don't think this is good,on weekends I don't see my boyfriend he won't reply to my messages because we should be 'living our lives'
34,You‚Äôve been together THREE YEARS and he knows this hurts you but does it anyway,Boyfriend only messages me weekdays if we don't have plans
36,You got together when you were children and now you're growing into adults,": bf of 5 yrs has been ignoring me & not giving me attention, feeling alone in our relationship, not sure how to approach him/ what to say"
38,"Have you spoken to him about how you're feeling and how his lack of interest is affecting you?

I think you guys need to sit down and talk about where this relationship is at and what you can do to keep the fire going",Burnt Out & Lonely in Longterm Relationship
39,I have at times but not at length,"Have you spoken to him about how you're feeling and how his lack of interest is affecting you?

I think you guys need to sit down and talk about where this relationship is at and what you can do to keep the fire going"
40,">How would you have handled differently?

1",My father is constantly playing the victim about the most ridiculous things (ie. the size of a tv) and has now blocked me saying I‚Äôm toxic. What would you do?
42,You need to stop engaging,My father  blocked me  for calling him out
44,I think taking space and letting him think about what he's done is a good choice,: Boyfriend was nervous about me attending a bachelorette party due to an experience from his past. Instead of talking to me about it he held it in and made a hurtful comment on my birthday.
46,Definitely take as much time as needed,Boyfriend made hurtful comment
48,>Fast forward to now,: Coworker is compulsive liar who makes jabs at me every chance she gets. She also makes jabs at my best friend there and then pretends like we‚Äôre all besties. How do I handle this?
50,"OP, it's clear that she isn't your friend so take distance from her",Coworker makes subtle jabs at me all the time
52,Doesn‚Äôt sound like there is a future,. In love with a friend and wondering if the situation is worth pursuing
53,"I think she's willing to leave, she's just continuing her education in her home country",Doesn‚Äôt sound like there is a future
54,"Stop burning a candle for someone who lives on the other side of the world, it's not gonna work out for you and you'll likely miss amazing opportunities that are right in front of your face",im  in love with a woman  who loves on the other side of the world in a country where gay marriage is illegal
56,Sounds like your dad is in some sort or crisis or turning point,"; My father is extremely distant now, has his headphones in so he doesn't talk to anyone. He didn't come down for family dinner because of his video games. He doesn't feel like my dad but a roommate, already talked to him about it but he ignores it."
57,I've thought about this a lot,Sounds like your dad is in some sort or crisis or turning point
58,Is he still taking a lot of pain meds from his back surgeries?,My  Dad  is becoming distant and I don't know what to do about it.
59,"I'm not sure, but I would assume so since he has my mom pick up prescriptions for him all the time",Is he still taking a lot of pain meds from his back surgeries?
60,"You are young, this relationship isn‚Äôt that old",", girlfriend isn‚Äôt career oriented but I‚Äôm a hardworking man. Expects me to buy her things when clearly I can‚Äôt afford it."
61,Because I love her so much,"You are young, this relationship isn‚Äôt that old"
62,Dump her? Sounds like you two don't align on this pretty big issue and it doesn't seem like it's going to change at any point in time,Girlfriend isn‚Äôt career oriented but I‚Äôm a hardworking man.
63,I really want to cut ties with her,Dump her? Sounds like you two don't align on this pretty big issue and it doesn't seem like it's going to change at any point in time
64,I'm very sorry to hear how bad you're feeling,my relationship with my parents is broken and they feel like I‚Äôve got nothing going for me.
66,"You need to do at least 2 things, and one of them is going to be really really hard: 1) you need to accept that you've had a shitty hand dealt to you and that's the way it is and 2) you need to plan for a future and understand that you can make your life what you want it to be",My  parents make me feel like I‚Äôm worthless sometimes
68,Bring her a gift like chocolate covered espresso beans to the party,: shoudl i write her and ask again or not?
69,her exams are over now :/ but good idea,Bring her a gift like chocolate covered espresso beans to the party
70,Just be honest,Should i write her after the 3. Date?
72,"What do you gain by ""confronting"" him after he leaves the unit? Really? 'Cause you know that message won't be sufficient and there is sure as hell nothing constructive to come from it",": I want to cut off my roommate after he leaves for the military because I feel like he's not someone who I should be around. How should I do that, or is it even a good idea to begin with?"
74,You‚Äôre right in wanting to cut him off,I  want to cut off my roommate  after he leaves for the military. What should I do and how should I do that?
76,Youre doing it right - he isn't,My boyfriend wants me to care about him less and I don't know what to do.
78,Why on earth do you think you are not supposed to tell your boyfriend how you feel? Telling your partner how you feel is a basic thing in relationships,My boyfriend wants me to care about him less
80,"How long have you guys been together? Have you had any major changes recently, like moving in together? Could it be a case that he feels able to be more vulnerable with you right now than before? I used to use the gym as an escape when I had nowhere else to go to feel like shit",Boyfriend has been stressed and not eating as much and stopped working out. Is there anything I can do to help and encourage him without being offensive?
82,It definitely sounds a lot like depression,My  boyfriend  has stopped going to the gym and eating as much. How do I help?
84,It is a huge red flag,; bf wants me to live with in laws indefinitely and will not support me if I ever want to leave.
86,Your two takeaways from this are correct,My bf wants me to live with his parents when we‚Äôre married.
88,Performance anxiety isn't an excuse for being unfaithful,Summary: is there hope that he will come around and not do this again or should I send him and his collection of nudes to the curb?
90,He told you he'd dump you for another woman,Boyfriend  would rather Snapchat or use porn than be intimate. Says it‚Äôs not me it‚Äôs performance anxiety. I‚Äôm
92,Discuss with her what she thinks will be the best way for her to regain some perspective on all of the other things that are important to her in her life,: She thinks our relationship is responsible for her getting away from her family and studies. What should I do?
96,I feel like some more info would be helpful in this situation,! In-laws don't communicate with me and are not friendly but they are staying with us for 7 months. I want them to leave but I have a flaw in that I don't like confrontation. Any advice with how to approach this.
98,"\--Why are they staying for seven months, and did your husband ask your permission for this? I really like my in laws and I would absolutely not want them to stay for longer than a weekend",My  in-laws  don't seem to like me but they are staying with us for 7 months
100,"Whether or not you want to pause dating to work on yourself is completely up to you! I promise you that most people have to go on many, many dates to find someone they have a genuine connection with",: Feel a bit hollow after having another unsuccessful date. Should I just sort my issues out and then come out swing with a bit more confidence? I feel a bit lost at this point.
102,"If dating isn't pleasant at the moment, take a pause",Should I [27M] just wait to start dating again until I sort myself out?
104,"Hey, you shouldn't agree to kids if you're not ready - especially if you're the one who's going to be supporting you gf and baby","My (27F) girlfriend (27F) of 8 years is pressuring me about having kids, already started the process and I'm not sure I'm onboard with it, really scared of losing her."
106,"If you're not ready, you're not ready",My  girlfriend  pressuring about having kids
107,"Him probably doing a big mistake? (If you don't want kids or know you aren't ready, don't let yourself get cornered into it)","If you're not ready, you're not ready"
108,Honestly just think you need a new man,- I know someone from my husbands past who I feel threatened by. They have done things sexually (her eating his ass/etc) I‚Äôm not comfortable with and I get in my head thinking about trying it that I won‚Äôt be doing it right or it won‚Äôt be good enough. TIPS on how to work through this? How to feel secure enough?
112,">she was aware when we first got together that I would like to move at some point, as it was a conversation had in the ""talking stage""

So what was her response?",I dont know how to speak to my girlfriend about a potentially relationship ending conversation.
113,"She just sort of acknowledged it, something along the lines of ""oh wow that sounds amazing"" - it was maybe a couple of weeks in to talking",">she was aware when we first got together that I would like to move at some point, as it was a conversation had in the ""talking stage""

So what was her response?"
114,"Understandable that she wants kids in the next 5 years, once she hits 30 the risks of complications during pregnancy skyrocket","I 27 would like to move home, whereas my girlfriend 26 isn't keen on the idea and I dont know how to talk about it. 10 month relationship."
115,"I think the main part im struggling with, is feeling as though if I stay with her let's say for the next 5 years and then decide to leave, that thats extremely unfair on her, feels like im treating her like a fleeting visit","Understandable that she wants kids in the next 5 years, once she hits 30 the risks of complications during pregnancy skyrocket"
116,It sounds like both of you are addressing this in a mature manner that will only help both of you in the long run,"-  male (53) and female (46) couple planning divorce. He examines the situation through soul-searching, sanity-checking exercise and hopes to input from fellow redditors who are going or have been through similar situation."
118,"If the plan is to divorce, then don‚Äôt add the complications of a property owned in another country",My wife [46] and I [53] have been planning to divorce and rebuild our lives with new partners.
120,I LOVE my  boyfriend with all of my heart,: will suddenly loose feelings for boyfriend even though there‚Äôs nothing wrong. I want to do something to fix this.
122,"I dunno maybe you‚Äôre not in love anymore?
After birth control made me slightly sad all the time I stopped taking it, you should try maybe seeing if that could change your mood",My emotions about my boyfriend aren‚Äôt making any sense.
124,It seems like you don‚Äôt trust him and probably shouldn‚Äôt,: my (25f) boyfriend (26m) lied to me about his flight information when nothing ever changed. How do I approach this?
126,"He doesn't seem ready to be in a stable, healthy relationship",How should I  broach this lie with my  boyfriend?
128,Your girlfriend lies to you a lot dude,: my gf keeps seeing an ex on regular basis and I don't trust it
130,Grow some back bone,My  girlfriend  keeps former lovers as friends
152,You‚Äôre 16 just forget about him and enjoy the rest of your childhood,": Basically, I‚Äôm not sure what to do. He swears he‚Äôs changed, and I feel it and I keep holding against him the really bad things he did, there is more but I love him so much I don‚Äôt know what to do."
156,"Do you love him? If you feel like money is priority next to love, leave him asap","- boyfriend has money problems, both aren‚Äôt earning. Should I leave or stay."
158,"You're not happy in the relationship, are struggling to see a future with him, and don't feel you're being treated with respect","Boy friend has money issues, should I stay or leave?"
160,That sucks to open up and feel rejected,"- Opened up to gf about my fetish, she kinda embarassed me for it, now i wish i did not open up."
162,"Some people really don‚Äôt get humiliation kink, and it can be hard to explain it to them",Gf finds my small penis humiliation fetish strange and offensive.
168,Be glad you didn‚Äôt actually marry a loser like they who would judge you based on your families past,; fianc√© (31m) left me (29f) because of family history and I want to get over the breakup
170,I read this whole post waiting to get to the part where there was something bad in your family's history,How to get over breakup after he  left because of my  family history
171,when my mum remarried the husbands kids didn‚Äôt know he got married because he was divorced and if the ex-wife found out she would take custody of the kids,I read this whole post waiting to get to the part where there was something bad in your family's history
172,"""he says these aren‚Äôt even road rage and I only get scared because I was in car accidents"" -- that's uncalled for, rude, and insensitive",I don‚Äôt know if I (28f) should dump my (29m) bf he jokingly makes fun of me theres some examples above please read and also he gets road rage sometimes which he says ‚Äúisn‚Äôt even road rage‚Äù
174,"What are you getting out of this relationship that makes all of his immature behavior worth your while?

He's 29 years old; it's not as if he's a foolish teen who will grow out of things like road-rage-that-he-pretends-is-not-road-rage",I don‚Äôt know if I  should dump my  bf
176,"Just because you care about someone deeply and love them, it doesn't mean you have to be together",": Girlfriend has slowly lost feelings for me and didn't tell me and I feel used and I can't accept her reasoning to face, and have a hard time remaining as friends while I really need her friendship. Thank you for reading"
177,"I really appreciate the insight, and especially the example on the end","Just because you care about someone deeply and love them, it doesn't mean you have to be together"
180,Talk to him about it - tell him he set up an expectation prior to his new expectation and come to an agreement together of what you guys should do,; my foreign bf wants me to propose to him to be ‚Äòdifferent‚Äô
181,"That‚Äôs good advice,  thank you",Talk to him about it - tell him he set up an expectation prior to his new expectation and come to an agreement together of what you guys should do
182,Sounds like he doesn‚Äôt want to get married,"My  boyfriend  decided he wants me to propose to him , after telling me he was going to propose to me‚Ä¶?"
183,"Um, no",Sounds like he doesn‚Äôt want to get married
188,You‚Äôre pretty young,": I have no clue who his ex is (as in, I don't know her personally, she's not a mutual friend, etc.), I am not jealous of her (besides the fact that I guess she dated him before me? I really don't know...). But I constantly find myself thinking about their relationship and how he may have felt with her. My friends tell me to remember that I have had previous relationships as well, and that does help, but I still find myself looking her up and stuff. I just want to know how to stop thinking about things like that, and how to stop looking her up on social media, etc."
189,"I have had other relationships that I have considered love, but this is definitely the most intense and healthiest one",You‚Äôre pretty young
190,>I even get upset when I think about something that we have done that I know they have also done,I  cannot stop thinking about my boyfriend's  ex
191,Very true,>I even get upset when I think about something that we have done that I know they have also done
192,> But I'm afraid no amount of time or effort can change what I did wrong,"**: used social media account to comment on thirst-traps 3 years ago. GF found it and it's caused problems since. We both view it as cheating, but is any amount of time and effort enough to get past this? Or will this always be a problem too hard to get over?"
193,That's what I'm afraid of yes,> But I'm afraid no amount of time or effort can change what I did wrong
194,Time isn't the factor here any longer,"My [28 M] GF [29 F] of 3 Years Resents Past Betrayal & Doesn't Know Whether to Trust me, or Break up With me."
195,"In her defense, I notice that she has made a bigger effort to avoid this subject when she's reminded of it",Time isn't the factor here any longer
196,\*\*Except,: boyfriends guilt about how we met and got together eating at him as well as resentment. But our relationship is perfect in all other aspects. Are we doomed?
197,Thank you :),\*\*Except
198,>And talked badly about my current boyfriend to his bestfriend aka my exes brother,Does our relationship sound doomed?
199,"Indeed, very very hectic situation",>And talked badly about my current boyfriend to his bestfriend aka my exes brother
200,"He likely is just comfortable, but you don‚Äôt have to stop pursuing him if you don‚Äôt want to","; my guy best friend and I make out while we are drunk and the morning after while I am in his bed and we are both sober but then tells me he does not want a relationship, but doesn‚Äôt regret what happened and that he doesn‚Äôt causally kiss people. We agree when sober we should not kiss again but without fail every time we get drunk together things get heated and I sleep at his. I have caught feelings for him but dont think he feels the same. Does he? Should I tell him about how I feel?"
202,">I‚Äôve talked to friends about it, some say he doesn‚Äôt like me others say he does but its not a good time for him due to his situation with his ex",My guy best friend  and I  kiss every time we get drunk but then agree to just be friends sober. What does this mean? Does he have feelings for me or am I just someone he feels comfortable around?
204,Move out,- my dad wants my paycheck. I have a feeling its to control me so i cant make my own decisions. My siblings dont give their paycheck to my dad.
206,Move,My dad wants my paycheck
208,"You can't tell her who to date, even if hes a terrible person",": My best friend doesn't realize she's in a toxic relationship, and this could possibly ruin our friendship."
210,"There's a good show on netflix, Maid, about a verbally, emotionally abusive relationship and the woman struggling to make it on her own after her friends were all his and she had nothing to herself","My  best friend is in a toxic relationship with , and it could ruin our friendship"
212,Let's get this straight; your girlfriend was raped,: girlfriend had a relation. We got back together. But now I get anxious every time she does an activity without me
213,My ex did this then ghosted me five years later,Let's get this straight; your girlfriend was raped
214,"Anxiety is irrational, I suffer from it and get anxious things that bothered me in my last relationship even though my current one is amazing",Overcoming anxiety
215,‚ÄúBe considered a rape‚Äù : On this point I feel really ashamed to have taken so long to come to this conclusion,"Anxiety is irrational, I suffer from it and get anxious things that bothered me in my last relationship even though my current one is amazing"
216,Your husband needs to tell them no,"- in laws will miss birth of our baby, should we leave them overnight with the 3mo baby to attend a concert they gifted us?"
217,>If she throws a tantrum it'll be great practice for when your baby is a toddler,Your husband needs to tell them no
218,"> MIL said I can just get an elective c-section before the baby was late so they could see her before they left the country 

> they said they would just have to pray the baby arrives a few weeks early so they could see her before they leave 

Um, *what?!* What in the world are you doing tiptoeing through the tulips trying not to be disrespectful about a gift, and worrying about not upsetting the plans they made without your input or permission, when they‚Äôve made it clear they prioritize their own wants and needs over the health of your baby?!

I‚Äôm just absolutely baffled at why you‚Äôd even humor this from them",In-Laws will miss birth of our child; want to keep our baby overnight at >3mo while we attend a concert they gifted us
220,">I am feeling a little guilty maybe it's my fault for not just doing what she wants

That's why 'the silent treatment' is usually such a manipulative tactic",Mom broke ties with me after I told her that I want freedom in my life.
222,So,Mom disowned me after I argued with her
223,Thanks for your reply,So
224,>It's starting to make me feel like I'm just another girl to him and not special,my boyfriend confuses events/things between myself and his exes.
225,I've thought about that too,>It's starting to make me feel like I'm just another girl to him and not special
226,He is either getting you mixed up with other people or possibly gaslighting you,Over thinker or real issues?
227,We did that for one of the issues,He is either getting you mixed up with other people or possibly gaslighting you
228,"Have you tired telling him all this? 

You want to be actual friends, not just political allies",- My best friend only talks about what is outraging him in politics and it's driving a wedge between us.
230,Part of my deradicalization effort was finding a place to volunteer,My [30M] best friend [30M] is constantly sharing and talking about politics with me and it makes me want to talk to him less.
232,"If there is no proof, no one else talking about it, etc, he‚Äôs most likely lying",BF won‚Äôt disclose reason for major operation. Should I be concerned or am I crossing a line?
233,This is what I‚Äôm worried about because I‚Äôve caught and confronted him on a few lies before,"If there is no proof, no one else talking about it, etc, he‚Äôs most likely lying"
234,I see you‚Äôve recently posted about your love life being ‚Äòone hurt after another‚Äô in an astrology sub,My BF won‚Äôt tell me why he‚Äôs having surgery
236,"If this was 3 year old relationship,  the normal advice would for you to find reasons why you love her emotionally & constantly remind yourself of that plus find out what is it about you psychological/mentally giving you hang up about her",": I am in a relationship with a great girl, but am not attracted to her sexually and physically"
238,">In the beginning, I had doubts about whether I found her physically and sexually attractive but I kept dating her anyway because I didn‚Äôt want to be shallow",I don‚Äôt find my girlfriend physically or sexually attractive anymore
239,Been on the other side of this story,">In the beginning, I had doubts about whether I found her physically and sexually attractive but I kept dating her anyway because I didn‚Äôt want to be shallow"
240,He has a set of behaviours you find unacceptable,Advice on how to overcome infidelity? Or at leas begin on attempting to move past it
242,Let me start off by saying that his behavior is completely unacceptable and that you really need to consider finding someone else,I want to move on but i dont know where to start
244,"It's okay for her to be upset, you don't need to try to fix it for her",: GF wants to always be at my place. I need some space sometime. She feels rejected and hurt.
246,Tell her to buy a second monitor so she can have 1 at each place,GF  wants to work full-time from my apartment. I  need some personal distance sometimes. She is hurt by this.
248,It's totally reasonable to be sexually incompatible,: Guy I really like doesn‚Äôt like penetrative sex and I really do. How do I communicate to him that I need this to be sexually satisfied without pressuring him to do something he doesn‚Äôt want to do?
250,If it's something you need in a relationship and something he won't do at all then that's not going to work out and it's not anyone's fault,Guy  I‚Äôm  seeing doesn‚Äôt like penetrative sex
251,"I think it will be worth it to see why exactly he‚Äôs against it ‚Äî is it a personal preference, is penetrative sex painful, are you just not physically able or willing to do it, etc",If it's something you need in a relationship and something he won't do at all then that's not going to work out and it's not anyone's fault
256,Before you give up and settle into a life of wanting and regret try doing something about it first,I'm a boring suburban wife thinking about having a family but COVID has made me unenthusiastic**
257,The honeymoon still has to wait,Before you give up and settle into a life of wanting and regret try doing something about it first
258,> For what it's worth I do have a therapist,"I  am overwhelmed by a feeling of ""is this all there is"" with my husband"
259,Thank you for this response! Reading this made me realise I'm still clinging on to my childhood dreams of becoming an artist and travelling the world 'someday',> For what it's worth I do have a therapist
260,Your needs matter too,": Boyfriend is depressed and escapes in video games. We spend a lot of time together physically but not what I consider quality time unless I ask for it. I tried helping him but he told me to ""just be there for him and give him space"". It's hard for me because it means putting my own needs aside."
261,"Thanks for your reply !

I actually struggle with depression too and after seeing a therapist and educating myself I figured out a bit about what I can do about this",Your needs matter too
262,"as a super depressed person I don't know how to go about this myself, but I just need to say your feelings and needs matter","My  boyfriend  is depressed, I don't know how to help and it's affecting our relationship"
264,"It sounds like two things are going on: she's not prioritising you, and she's interpreted what you said as ""you need to be better at compartmentalising your conversations"" rather than ""I don't feel like you're listening to me""",: my friend seems to not be able to have an uninterrupted conversation with me about anything and is more interested in yelling at her dogs and talking to her fianc√©.
265,I‚Äôm hoping we aren‚Äôt drifting apart,"It sounds like two things are going on: she's not prioritising you, and she's interpreted what you said as ""you need to be better at compartmentalising your conversations"" rather than ""I don't feel like you're listening to me"""
268,This post has not left me with a positive impression of your bf,:  bf wants to hang w best friend alone that has been making advances w it and I don't know how to handle it without seeming controlling
270,Sounds like she‚Äôs the problem not you but your BF needs to be the one to set boundaries with her or it won‚Äôt matter,How can I help my bf and I deal w his best friend and her clinginess
271,"He said that he has, but I haven't seen them interact since that one day",Sounds like she‚Äôs the problem not you but your BF needs to be the one to set boundaries with her or it won‚Äôt matter
272,>Our love was so powerful and unique,"; :** Ex girlfriend pregnant during break up, trying to move on."
273,"Thank you for the words, I understand and it is a great reminder",>Our love was so powerful and unique
274,"If you don't want to raise a child and she decides to keep it then yes, obviously you have to let her go","Ex girlfriend gets pregnant during break up, time to let go"
275,"Yes, you're right, the relationship wasn't a waste of time, many happy memorable moments over the years","If you don't want to raise a child and she decides to keep it then yes, obviously you have to let her go"
276,It's a gamble girl! Where you could get badly stuck or happy ever after! I would suggest think million times before taking arrange marriage step,: Help me with what are the green flags and red flags in a normal social setup
277,Finding love doesn't seem to be a possibility right now tbh,It's a gamble girl! Where you could get badly stuck or happy ever after! I would suggest think million times before taking arrange marriage step
278,">How do you know he is being honest?

you dont",28F. Considering arranged marriage. How do you know he is the one?
279,Already blamed myself twice after getting cheated on,">How do you know he is being honest?

you dont"
280,"because he's married, would be my guess",! he appears and disappears. stops responding at bizarre intervals. I‚Äôm pretty sure he‚Äôs not making an effort to be consistent and is therefore not interested :/ but he sounds so sincere when he‚Äôs actually talking to me :/ what does it mean that he‚Äôs ‚Äúemotionally confused‚Äù? What is this behavior?
281,I totally thought that at first,"because he's married, would be my guess"
282,">I feel detached from the situation enough to recognize that HE might be the one who isn‚Äôt acting right as opposed to me

You're absolutely right",Why does he vanish and reappear?
284,> She keeps telling me I'm so insecure,": my gf feels we don't have a same vibe anymore, I don't want her to feel hurt while telling me she loves me. How should I make her feel better?"
286,Have a talk about what happened and how it made you feel,My gf  feels something has changed after not being able to talk for a week.
287,I did,Have a talk about what happened and how it made you feel
288,So it sounds like you went out with friends and had some drinks and a good time while she was 900km away? Nothing wrong with that and she sounds like she's just jealous if I'm honest,! My 25M Gf 26F just left me in the restaurant alone and didn't contact for 2 days . She did it knowing I am insecure about this very thing.
290,She didn't contact you or she's acting like nothing happened? I'm sorry your story doesnt much sense,My 25M Gf 26F just left me in the restaurant alone and didn't contact for 2 days . She did it knowing I am insecure about this very thing.
291,So calling me 900kms to her city and leaving me alone in middle of a restaurant is setting a boundary?,She didn't contact you or she's acting like nothing happened? I'm sorry your story doesnt much sense
292,Just out of curiosity I looked through your post history,- my husband refuses to negotiate disagreements and takes it an extreme in one direction or the other.
293,Thanks for the feedback,Just out of curiosity I looked through your post history
294,Malicious compliance,Husband takes things to extremes when i try to communicate certain wants
295,I am sure there are a lot of people that could accuse me or that üòï,Malicious compliance
296,I highly doubt you‚Äôll regret cutting her off,: Friend is invisible when I need her. Should I cut off or am I expecting too much?
298,"so it sould be asked, is there anything more than a friendship between you first and I personally would not continue a friendship where I have been the one to initiate all contact between us",Should I  cut off my close friend ?
299,"At some point, maybe but now we both have partners and don't see each other that way","so it sould be asked, is there anything more than a friendship between you first and I personally would not continue a friendship where I have been the one to initiate all contact between us"
300,Well think of it like this,"! - Boyfriend takes hours to reply to texts and I begin to feel unwanted and not respected because of that. He also doesn't find it necessarily to get back to his family (mother, sister) in a decent amount of time, as he enjoys to live in the moment and doesn't like the feeling of being restricted of his freedom."
301,that helps to think a bit different!,Well think of it like this
302,"Why is him replying fast so important to you? I get that it's annyoing if he completely forgets to text back but what on earth does ""replying in a decent time"" even mean? He allready stated how he looks at his phone and I understand him well",Boyfriend  has a habit of replying late to the texts and it starts to annoy me
304,Have you told him how you feel about the picture thing? You should really talk to him about that first and see if he‚Äôs willing to stop? I I know some guys will probably say you‚Äôre overreacting but if you have past trauma with your previous relationships he should understand,I struggle with extremly jealousy for minor stuff and want to become better so it wont ruin my entire day everytime it happens.
306,But honestly just be confident with yourself that‚Äôs really important,"I struggle with extreme jealousy, and intrusive thoughts about my bf"
308,">Like just for context my younger sister took her life recently, and I basically got on dating apps to take my mind off her

I dont think this is the best way to cope",": great guy, wrong time (dealing with passing of younger sibling). don't know what to do, don't know how to break it to him"
309,Nope you are totally right,">Like just for context my younger sister took her life recently, and I basically got on dating apps to take my mind off her

I dont think this is the best way to cope"
310,I mean I dont think you need to do anything dramatic like break up or confess that you don't love him as much,perfect guy but not in the right place for a relationship and I don't know what to do
311,Okay,I mean I dont think you need to do anything dramatic like break up or confess that you don't love him as much
312,Sounds like you have a terrible therapist,": I want a friend to do activities with, I‚Äôm sick of doing things alone, but nobody wants to."
313,"Fully agreed, what the hell is that advice about?!",Sounds like you have a terrible therapist
314,">my therapist he tells me at my age I don‚Äôt have the right to have friends, to embrace solitude at middle age

You need a new therapist",I fear I‚Äôm going to wind up a lonely old cat lady.
316,"It doesn't really matter how he feels about her, fact is he lied and you can't trust him",! I dont know what to do? Do i leave him? Does he still love and miss her? He lied about everything the whole time.
318,Get a custody agreement for you child and end the relationship,Boyfriend  was talking to his ex our whole relationship  and lying about it.
320,"You talked for a year and it was moving too fast? Tried to break up, didn't, then cheated on him",; I cheated on my long distance boyfriend of 1 month and I fee horrible. I'm not sure how to go on living with myself
321,Well we were talking just as friends because we live in different cities,"You talked for a year and it was moving too fast? Tried to break up, didn't, then cheated on him"
322,The big issue that you seem to have is that you let people persuade you to stay in relationships that don't work out,"I  cheated on my  boyfriend, I know I'm horrible and I don't know how to continue on as myself"
324,"One piece of advice that I can give to you, is don‚Äôt allow yourself to slip back into old habits either",; I'm resentful of my boyfriend because I do 90% of the work. We're giving it one more chance after discussing expectations. Any advice?
325,Thank you that makes alot of sense,"One piece of advice that I can give to you, is don‚Äôt allow yourself to slip back into old habits either"
326,I think you covered it,Can I overcome resentment? 7 years near the end.
328,If you are still on taking terms with him maybe letting him know how you feel might give you a sense of closure,: My ex sorta traumatized me and I feel like I cannot move past that trauma and I‚Äôm still holding on to it which makes me unwilling to trust other people. How long does it take to get over a relationship?
332,>She has a slight problem with alcohol,! Girlfriend cheated on me with her ex. There are many variables. Should I give her another chance?
333,Exactly,>She has a slight problem with alcohol
334,"Alright, let‚Äôs go over this as in depth as we can",My  girlfriend  of one year cheated on me with her ex. Should I take her back?
335,"I hope if the OP reads one thing today, it‚Äôs this","Alright, let‚Äôs go over this as in depth as we can"
336,"One way to ensure that you are not verging into toxic game-playing is to (instead of making it things that *he* has to strive for in order to ""win"" you) come up with challenges that you *both* have to work together to overcome in order to ""win"" each other",; I want ideas of healthy ways of playing ‚Äúhard to get in‚Äù in an established relationship.
338,A very literal interpretation of this (especially since Vday is coming up)-- set up a scavenger hunt that ends up at a table for two and you're sitting there waiting for him with a glass of wine :),Healthy ways to play hard to get within stable relationships
340,You are not responsible for your exes emotions,: ex still has feelings for me and i‚Äôm talking to someone else but don‚Äôt want to hurt him
342,"You're not a cheater, you're single",i don‚Äôt know how to navigate my love life
344,"It might be best to just block him, or send him a few sentences explaining why you can no longer be friends with him and unadd him","!:** friend (24M) who's been making me feel uncomfortable (through text messages and irl) doesn't respect my boundaries and I do not wish to continue the friendship. I'd like some advice or insights, if possible. Thank you for reading!"
345,It would definitely be a relief,"It might be best to just block him, or send him a few sentences explaining why you can no longer be friends with him and unadd him"
346,You say he ‚Äúdoes not accept‚Äù certain things,My  friend  is making me feel uncomfortable
347,That's something I'm struggling with,You say he ‚Äúdoes not accept‚Äù certain things
352,"If you like him, text him",": I met a guy online, we talked for a few weeks and we went on a date two weeks ago. I felt there was mutual interest and he expressed how he wanted to see me again but plans kept falling through. We haven‚Äôt talked in a week now. Should I text him saying hey and ask him if he would like to hang out this week?"
354,"Go for it, the worst thing that happens is you don‚Äôt chat with him again which is where you‚Äôre already at",Haven‚Äôt talked to him in a week. Thinking of texting him asking to hang out
356,Sounds like a massive jump to cheating,"! just genuinely curious if anyone can think of a reasonable explanation as to why my bf‚Äôs switch control button would be in the corner of a lewd video he sent to me, and if it‚Äôs worth asking him about after so much time has passed since? any advice is greatly appreciated thank you!"
358,"Well, you can always just ask",should i be concerned?
360,It's waaaaay too early for you to have any expectations on this man's life at all,; I feel as though I'm not important to him.
361,Why do you think I don't have a right to be a priority in his life?,It's waaaaay too early for you to have any expectations on this man's life at all
362,"Perhaps by trying to be objective in helping him make the decision, you‚Äôve given him the impression that you don‚Äôt have a strong preference",Commitment
364,"Just keep ""love bomb, devalue, discard"" in mind for a little while to make sure",: reconnected with my ex
365,meh,"Just keep ""love bomb, devalue, discard"" in mind for a little while to make sure"
368,Sounds like you two are not really compatible,mean?
369,thank you,Sounds like you two are not really compatible
372,Change ‚Äúex‚Äù to ‚Äúdate‚Äù if you want to be taken seriously,gf won‚Äôt tell me someone‚Äôs name she went on a date with and I find that strange
374,It‚Äôs pretty obvious that it‚Äôs someone who you know and is probably still around,Gf  won‚Äôt tell me exs name
375,I‚Äôll ask her next time we hang out,It‚Äôs pretty obvious that it‚Äôs someone who you know and is probably still around
376,"I think it means you're hung up on someone who does not want to be with you, but because he's your friend you are holding on to false hope (for now)",: Does having an emotional breakdown the night before a first date mean I'm not ready to move on quite yet??
378,1,I  am terrified to go on a first date tomorrow
380,What if that break make a new problem and make you even more depressed? Consider that first,: Been depressed lately and don't know to tell my boyfriend
382,Just straight up tell him how you are feeling,How do I  tell my boyfriend  I'm depressed and need a break from everything?
384,"jesus, is she always like this? i‚Äôd be very hurt honestly",savage girlfriend doesn‚Äôt want me to visit her after her 4 week holiday.
385,I was so confused and hurt,"jesus, is she always like this? i‚Äôd be very hurt honestly"
386,[removed],How would you feel if
387,I thought that too,[removed]
388,"First off, don‚Äôt mentally diagnose people with things like personality disorders",:
390,I would ask him what he means by attached to you as a woman but not as a friend,I  think I might be dating a person  with avoidant personally disorder
391,"Yup, came here to say exactly this",I would ask him what he means by attached to you as a woman but not as a friend
392,You are gonna need to trust her if the relationship will work at all esp at long distance,Girlfriend is going out with a man on solo dates after leaving for another country due to her job
394,Dude‚Ä¶‚Ä¶‚Ä¶wtf,Long distance relationship: Girlfriend [25] is going on solo dates with a man she met a few days ago
396,"It is quite weird for someone to touch you as you‚Äôre passed out, it seems very violating to me",I‚Äôm concerned if a situation that happened between me and my friends s.o. was inappropriate/weird/wrong.
404,"You could try find like minded people? For example if you are into gaming find some online forums? Same goes for any hobbies, you can look up classes or events near you based on what you like",: most of the friends I pick turn out to be bad people. How can I avoid making bad friends?
408,Im sorry youre going through all that,: I told my best friend that I can‚Äôt be friends anymore because I love her. Covid took my chance of asking her out and she got back with her ex and still with him to this day. Can‚Äôt get over the thought of what could‚Äôve been. How do I move on from this girl that I have never even been in a relationship with.
412,"A few things, first of all, are you still interested in joining the military? Because you could too",": harboring resentment for long term partner of 7 years for joining military while warning me against it. Also upset that after all these years, joining the military happened before they even thought about proposing to me. Don‚Äôt care how I come across, I‚Äôm annoyed."
413,"As far as joining myself, I‚Äôm not so interested that I want to join right this second","A few things, first of all, are you still interested in joining the military? Because you could too"
414,How long ago did they tell you not to do it? If it was a couple years ago there‚Äôs a big chance his opinion changed on the military,I resent my long term partner for joining the military
415,"Yea it was like a couple years back when he initially said that 

I did verbalize how I felt, they said sorry and then that was kind of it",How long ago did they tell you not to do it? If it was a couple years ago there‚Äôs a big chance his opinion changed on the military
416,"Here are some tools to keep in your back pocket when this comes up again:

1",: am I just being a stupid teen for not accepting advice from my parents even if the advice is really bad. And is it normal for people to get angry at you for having reasons that the advice won't work.
418,It sounds like you need to stop asking your parents for advice unless you're absolutely sure you want to hear what they have to say,Is it normal to have to pander to people giving advice?
420,"I have never understood this ""break"" concept",: Is he being childish and what should I do with the situation? Wait for him or move on?
421,"thank you!

this is also how i feel","I have never understood this ""break"" concept"
422,"You've been together *6 years* and he decided blindside you by telling you he wants a break VIA TEXT? and doesn't want to talk about it in person?! Did you guys even lay out ground rules for the ""break""? Discuss seeing other people during this time? I hate to say it, but just with the way he went about this, it seems like this is just delaying an inevitable breakup","My boyfriend 24 of six years wants a break, I don't know what to do."
423,IKNOW its weird right? Like 6 years we have been together and he cannot call me or tell me in my face,"You've been together *6 years* and he decided blindside you by telling you he wants a break VIA TEXT? and doesn't want to talk about it in person?! Did you guys even lay out ground rules for the ""break""? Discuss seeing other people during this time? I hate to say it, but just with the way he went about this, it seems like this is just delaying an inevitable breakup"
424,What did your sister say when you talked to her about it?,": interested in my sister's friend/roomate, but worried about things becoming awkward if it goes bad."
425,I haven't yet,What did your sister say when you talked to her about it?
428,"I probably wouldn't visit, because I wouldn't expect that to go well, given the way they have been behaving",- Should I visit my Jehovah‚Äôs Witness family who have been shunning me just to let them know that I love them?
430,Will it make life more difficult for them if you visit,"Should I , pay my Jehovah‚Äôs Witness family a visit two months after I have disassociated and left?"
432,"Don‚Äôt add her back, it will be better for your mental health and help you move on",: I was clingy towards my ex and she broke up with me. We‚Äôve been apart for about 25 days. She blocked me on snap about 5 days ago but has now readded me. What should I do to get her back ignore it or accept it.
433,That is what I was thinking thanks so much for the advice,"Don‚Äôt add her back, it will be better for your mental health and help you move on"
436,Look up the grey rock method,I detest the fact that my sister gets away with all her mean spirited actions and I am made out to be the villain every single time. My non-existent career is a reason I haven't left home yet.
437,Thanks a lot for responding,Look up the grey rock method
438,I think the best thing to do here is to improve your situation,"My sister is a narcissistic , gaslighting pathological liar with a puppet for a husband. I am sick of bearing the brunt of her lies because I am to safeguard her honor because she is married all the while she is allowed to trample over mine!"
439,I see what you mean,I think the best thing to do here is to improve your situation
440,The first thing I would do is to put more effort into making your relationship with M fun and exciting,I have a crush on my best friend but I am in a relationship already.**
441,"Weekends are dedicated to ourselves, the only reason I was hanging out with ""B"" yesterday night was because ""M"" has covid right now and we are not supposed to see eachother until wednesday",The first thing I would do is to put more effort into making your relationship with M fun and exciting
442,"Honestly it sounds like you‚Äôre panicking at serious commitment to one person at a really young age, like it‚Äôs almost too good to be true",I  have a wonderful girlfriend  which is why it hurts me so much to be so obesessed over my best friend
444,I'm sorry you've had those experiences,"\*\* : So I have low confidence in terms of guys. I feel afraid that if I date a guy, I might end up causing pain to them. I am sort of clumsy, dumb and fat. Any tips?"
445,"Yeah, I have started aerobics and focusing on myself now",I'm sorry you've had those experiences
446,Meeting people through shared hobbies is great advice (as it helps you meet like minded people while also giving you something you personally enjoy and can use to enrich your life as a single person),I  want to date guys when everything becomes offline. But I am not confident and feel weird.
447,This is sooo well written and true,Meeting people through shared hobbies is great advice (as it helps you meet like minded people while also giving you something you personally enjoy and can use to enrich your life as a single person)
448,No one from any Scandinavian country is going to be offended by your jewelry,": I wanted to buy some ""Viking"" jewelry and my friend thinks it's racist."
450,Sounds kind of salty you turned him down,My friend hates my jewelry. I don't know what to think.
451,"Thanks, I appreciate getting an additional perspective",Sounds kind of salty you turned him down
452,Nope not paranoid that guy is sketch level 100,": I think my Mom's friend seems to have romantic interest in her, and he wants to put us in a position of being dependent on him financially and for shelter."
454,Definitely not paranoid or cintric,I  and worried about a friend  of my mother  who has been offering her a lot of way-too generous help.
456,"To be honest dude, you sound like a huge asshole",": I like a girl, but she's too mature for her age, and idk if I should date her or not. I want to live my life but I also don't want her to be the one that got away."
458,You're not mature enough for a relationship with this person,I'm not sure if I should date this girl I like.
460,"When you're out tomorrow, just make an effort to get to know her better",: I want to ask a girl out but we only ever interact with each other in group settings. What should I do?
464,"I don‚Äôt think you‚Äôre an asshole, you just aren‚Äôt ready for a relationship yet even though you sometimes want one",": why can't I just get into a relationship? Im in this never ending cycle of talking to a girl, but then getting bored and dropping it after a while. I feel like an asshole when I do it, and I really want to get into a relationship, but then I don't after a while."
465,Thank you for the advice,"I don‚Äôt think you‚Äôre an asshole, you just aren‚Äôt ready for a relationship yet even though you sometimes want one"
466,do you meet the girls?,Am I an asshole?
467,Yeah,do you meet the girls?
468,It's natural to be curious about the people in your family,: I tried to guess one of my cousin‚Äôs sexuality and told my other close cousin who I now realize might be in the closet. I feel weird about it and how it might‚Äôve created a rift in our relationship.
470,It's okay to be curious! But please don't ask her any questions about it or make it seem like you're trying to make her come out to you,Am I weird for trying to guess someone‚Äôs sexuality? Advice pls.
472,"Sounds like your getting caught up on the concept of ""missing out""

The idea that it's your only chance to be single and explore relationships is a possibly a misplaced one, your probably not missing as much as you may think and there's plenty of time for that further down the line that's what you want to be doing","; in college been in relationship for 2 years, love him but there are many things about him that make me realize I wouldn‚Äôt marry him, not sure if it‚Äôs fair to both of us to continue till the end of college."
474,Make a decision,"College relationship, unsure what to do"
476,>This relationship has turned toxic and I just want to save it,": boyfriend with extreme trust issues refuses to build trust with me based off past relationships. He constantly believes I am cheating on him, talking to other men, am up to no good when I have never been unloyal to him OR any other man in my life previously. I‚Äôve done everything he has asked of me to help build trust, yet nothing has changed."
477,As someone who went through this with my ex,>This relationship has turned toxic and I just want to save it
478,>he has been lied to and cheated on and extremely hurt,my bf  still refuses to trust me  after almost a year of dating
480,"Yes, people have gone through this before",": Fell in love with this girl, but she kept sending mixed messages so decided to end things and now she's blocked me from everything."
481,Thank you for the advice,"Yes, people have gone through this before"
482,It makes it easier from me to wipe them from my life,"I told her we can't be friends because I love her and want a committed relationship, and now she's blocked me from everything."
484,It sounds like you are setting yourself up for failure,: I need to know whether this situation is worth pursuing
485,"hey, you are probably right",It sounds like you are setting yourself up for failure
486,"If you know you won't be able to keep this up without catching feelings, I'd end it sooner rather than later",The person I am seeing doesn‚Äôt want a relationship.
488,"God, stop with the on again off again",: My boyfriend of almost 3 years is refusing to re-home his aggressive cat that I‚Äôm severely allergic to.
489,"Seriously, on again off again is reason enough to end it","God, stop with the on again off again"
490,Why are you living with him when you know he got the cat while you two were no longer dating? Why are you subjecting your son to whom you're supposed to be protecting and yourself to allergies and harm from an animal when it is within your power to prevent it? You chose to get back with this man and to move into his home or at the very least stay in his home multiple days a week when you knew he bought a cat,Reached my limit with boyfriends cat
491,Whew! This is the one! I feel little sympathy for a grown adult who has the options to just‚Ä¶ not accept their current circumstances,Why are you living with him when you know he got the cat while you two were no longer dating? Why are you subjecting your son to whom you're supposed to be protecting and yourself to allergies and harm from an animal when it is within your power to prevent it? You chose to get back with this man and to move into his home or at the very least stay in his home multiple days a week when you knew he bought a cat
492,This was horrifying to read,": Despite all efforts to clarify to my partner that I have a sex drive and a healthy sexual relationship is one of the most important aspects of a relationship to me, my partner does not care to fulfill those needs no matter how simple I make it for them, even after they promise consistency in some form."
493,I am kind to them and it took months of them not touching me for me to even vocalize that I was unhappy,This was horrifying to read
494,You and your partner are sexually incompatible,How do I deal with a lack of sexual validation in my relationship?
496,I would actually take the time to thank the person who sent me the video and ask about their relationship with him,"boyfriend is clearly looking elsewhere, how do I leave things?"
498,I don‚Äôt have words to describe how despicable I find your soon to be ex,I  was sent an obviously recent nurse video of my boyfriend  from a random girl on the book of faces
500,Do you think your family is even going to be receptive of you considering you ran off?,- About eight months ago I took off from my parents and I might be needing their help soon now even though I am much happier away
501,"I don‚Äôt know‚Ä¶ 

I hope so",Do you think your family is even going to be receptive of you considering you ran off?
504,"I would not bet on this lasting forever, so do whatever you want",: bf says he loves me back but then had a hard time saying it for a week and not sure if I should wait longer into the relationship to hear him say it to me first
508,"If angry outbursts are our of character for him, my first thought is an early onset of dementia or similar",My father in law exploded at me for no reason and now refuse to talk to me.
509,">He has never done this before to me or in front of me, however my wife says he did this to her and her sister when they were gowning up","If angry outbursts are our of character for him, my first thought is an early onset of dementia or similar"
510,"If you want him to understand his behavior was unacceptable, stop chasing after him begging him to give you an excuse to accept it",Father in law  is refusing to talk to me
511,Amen,"If you want him to understand his behavior was unacceptable, stop chasing after him begging him to give you an excuse to accept it"
512,No that's not normal,: fianc√© and I haven‚Äôt gotten along in months.
513,"A couple months after living in an apartment together is when little fights started happening, and they‚Äôve just gotten worse and worse",No that's not normal
514,"No, that‚Äôs not normal at all",My fianc√© and I haven‚Äôt gotten along in months. Is this normal sometimes‚Ä¶or is our relationship dead.
516,You‚Äôre overthinking this one,: is it normal for s/o to keep pictures of exes in social media?
518,I wouldn‚Äôt worry - sometimes people like to keep the pictures for the memory,My  girlfriend  keeps pictures of her exes on her social media. Is that normal?
520,At a certain point he's got to figure out how to handle himself when he's got nothing to do,: my boyfriend is working on not drinking anymore and now he‚Äôs bored with no hobbies to do at home and I don‚Äôt know if I‚Äôm responsible for helping him find things to do.
522,He has to find his own thing,I  feel personally responsible for my boyfriends  well being and happiness
524,"I think instead of hiding your other passions and hobbies, you should bring them forward",": despite engaging in his hobbies and passions, my boyfriend's engagement and interest in mine has progressively gone down in the last year (2 years together), even when I try to bring them forward to him. It has made me now less open about my passions and makes me hide them even more. He doesn't do this any of this on purpose though, I believe. What can I do?"
525,Hahaha probably he was burnt out as I would have an analysis or critique on average once every 2-3 weeks,"I think instead of hiding your other passions and hobbies, you should bring them forward"
526,"If being interested in art critique is something you need in a relationship, then you should break up",My  boyfriend  is showing less and less interest in my hobbies and passions even though I still engage with his. What can I do?
527,Art critique was just an example,"If being interested in art critique is something you need in a relationship, then you should break up"
528,Sometimes it's hard for people when they are shy,"I‚Äôve talked to my gf about my needs as far as compliments and initiating sex, but she isn‚Äôt meeting them and I‚Äôm tired of mentioning and scared that if I do anymore that it won‚Äôt mean anything because I had to say something first."
529,I give her compliments quite a bit,Sometimes it's hard for people when they are shy
530,"If you've spoken to her about it repeatedly, she been unwilling or unable to make changes, and you're still feeling unloved and unfulfilled in the relationship, perhaps its time to move on",Me  with my gf  of one year. She doesn‚Äôt give any compliments and I‚Äôm not sure what else to do about it.
531,I definitely don‚Äôt want to break up,"If you've spoken to her about it repeatedly, she been unwilling or unable to make changes, and you're still feeling unloved and unfulfilled in the relationship, perhaps its time to move on"
532,I'm 35f and have plenty of guy friends,Is my bf being too friendly with his colleague? They have only known each other two months but talk everyday
533,This is great advice!,I'm 35f and have plenty of guy friends
534,"I think you should have a talk with him about how he's acting, and that it's bothering you ‚Äî especially the ""work wife"" comment, that's IMO inappropriate from someone who's already in a relationship",Is my 28m BF having an emotional affair with his colleague of two months?
535,I find that idea rather odd to be honest,"I think you should have a talk with him about how he's acting, and that it's bothering you ‚Äî especially the ""work wife"" comment, that's IMO inappropriate from someone who's already in a relationship"
536,Either way your partner deserves to know,"Due to PTSD, I haven‚Äôt had sex with my boyfriend pretty much since the beginning of our relationship but I want to change it now."
540,Has she tried hypnosis?,"- sister has extreme anxiety, keeps my parents all night when she can't sleep, how do I help her?"
541,"No, she hasn't",Has she tried hypnosis?
542,"I have generalised anxiety and I‚Äôve recently started magnesium L-threonate and it has definitely improved my sleep, anxiety and depression (that one usually coming from lack of sleep)",I  want to help my sister  deal with severe anxiety
544,You aren't unreasonable and I actually think your boyfriend is overstepping your boundaries,": bf is friends with someone I‚Äôm uncomfy with, and doesn‚Äôt listen to me when I say I don‚Äôt want them being friends"
545,"What about his boundaries? Perhaps he, you know, decides how he will interact with co-workers and conduct himself socially",You aren't unreasonable and I actually think your boyfriend is overstepping your boundaries
546,It‚Äôs unreasonable to tell people who they can and can‚Äôt talk to,My boyfriend is friends with someone I‚Äôm uncomfortable with.
548,Did you ask in what circumstances she might need that money in the future exactly? Tell her you'd be happy to lend again if she would need any money but right now you want your 2,": ""My fiancee owes me money but she doesn't want to pay me, what's the best way to solve this situation?"""
550,I'd ask her if she ever intended to pay you back,My fiancee owes me money but she doesn't want to pay me.
552,"I mean she was clear that she wanted to take things slow and that‚Äôs what she is doing? If you want more, straight away she is not the girl for you, she isn‚Äôt ready or willing and that‚Äôs fine, it‚Äôs her choice and she warned you, don‚Äôt start getting annoyed",New girlfriend(26F) wants to meet me(26M) only once every two weeks.
553,Thanks a lot,"I mean she was clear that she wanted to take things slow and that‚Äôs what she is doing? If you want more, straight away she is not the girl for you, she isn‚Äôt ready or willing and that‚Äôs fine, it‚Äôs her choice and she warned you, don‚Äôt start getting annoyed"
556,First of all,basically I might have ruined something great with an amazing woman and am looking for advice and whether or not I have a chance. I am very serious about continuing therapy and working to better myself and regain her trust.
557,Well apparently i always looked suspicious on my phone because I would exit out of whatever app I was on when she'd come back from like the bathroom,First of all
560,I don't think it's an issue of you being jealous or insecure that he doesn't love you,": ""Girl that used to like my bf stayed after everyone left, I felt excluded because they talked for three hours about topics I couldn't talk about, I felt angry, and now I'm confused"""
561,Thank you for your answer! I feel like my feelings and thoughts make more sense now,I don't think it's an issue of you being jealous or insecure that he doesn't love you
564,"Bruh, if you got perp walked out, yeah, it's over","Not sure where my heads are after this breakup, putting her on a pedestal and blaming myself for everything. Just need some sound advice"
565,We lived together there,"Bruh, if you got perp walked out, yeah, it's over"
566,"It doesn‚Äôt matter if you were using your old place as storage, because that literally means that you were living with her","Recently broken up, depression kicking in hard and need an outside POV"
567,I completely understand,"It doesn‚Äôt matter if you were using your old place as storage, because that literally means that you were living with her"
568,He‚Äôs using you as a safety net in case it doesn‚Äôt work out with this girl,; my ex has a new girls friend but is still messaging me
569,Makes me wonder if he did this while we were together,He‚Äôs using you as a safety net in case it doesn‚Äôt work out with this girl
572,"Tell him ‚ÄúI don‚Äôt care what timeline you have, I‚Äôm excited for our future together and I‚Äôm in no rush",": My mum told me that I have to get married by the end of this year at the latest. Should I let my boyfriend know what she's been saying (to give him a heads up, in case she tries to pressure him directly) or would telling him cause more tension and stress?"
574,"Tell her *once* ""Mom, we'll get married once we are good and ready, and when we get engaged you'll be the first to know, but until then I *need* you to stop pressuring me",My mum gave me a deadline to get married
576,I think giving her space until she‚Äôs ready to talk is the right call here,": So in summary, my girlfriend is going through something, but she doesn‚Äôt want to talk about it to me. I don‚Äôt know if it‚Äôs regarding the relationship or not (I think so). And because of the situation, she doesn‚Äôt want to see me irl."
577,Yeah that‚Äôs what I‚Äôm gonna do,I think giving her space until she‚Äôs ready to talk is the right call here
578,I would let her know you will be there for her when she feels comfortable sharing,Girlfriend says she needs to figure her shit out.
579,Great,I would let her know you will be there for her when she feels comfortable sharing
580,"If you're in touch regularly, it should come up in conversation naturally","; have a new man, how do I break the news to my ex?"
582,If he calls and texts you regularly he‚Äôs holding onto to the hope you will change your mind about being with him so do him a favour and just tell him you are in a new relationship,How do I break the news to my ex that I‚Äôm seeing someone new?
588,You brought it up,": Husband changed his mind to cover a tattoo of an ex baby mama after I agreed to cover some of my late husband, saying he was ‚Äújust fucking with me.‚Äù The cover-ups were his idea to begin with."
589,Did you read the post? I was referring to some of the tattoos he had elsewhere - like the ones on his hands,You brought it up
590,I have never thought it was a good idea to get names tattooed on the body,My  husband  changed his mind
591,A lot of tattoo artists have rules about name tattoos simply because the number of people with acrimonious exes' names tattooed on their flesh for all time is too damn high,I have never thought it was a good idea to get names tattooed on the body
592,If you are unhappy and you can change it there is no reason to stay unhappy,"\*\* Bf cheated emotionally a couple of years ago (sent dirty messages and pictures to another guy). We're semi-long distance and I don't know when we can meet again. I have a strong desire to break up right now, but don't know if I should wait until we meet (which could be a long time from now) to do it in person."
593,"Would that not make me a very shitty person, though, given we've been together so long? Even though he did that, part of me feels like he deserves to say what he thinks/ask questions etc face to face",If you are unhappy and you can change it there is no reason to stay unhappy
594,I once had a semi-long distance relationship falter,"Me [29M] with my bf [28M] of four years, would it be acceptable to break up over the phone given our circumstances?"
595,"Thank you for sharing your story, it sounds like you're both in a better place now",I once had a semi-long distance relationship falter
596,"Dude it‚Äôs near impossible to be friends as exes, not even divorcees can do it for the kids",": my ex wanted to just be friends, and she invited me to hang with her and her friends, but she ended up just ignoring me. Trying to make sense of this as best as I can."
598,"Maybe she regretted it and realized that you guys can‚Äôt be friends because you still have feelings and she doesn‚Äôt, but wasn‚Äôt going to kick you out or whatever","Ex invited me to hang with her and her friends, felt alienated"
599,"It's just more confusing given the fact that she's very blunt (I am too, but maybe slightly less than her) and doesn't sugarcoat things","Maybe she regretted it and realized that you guys can‚Äôt be friends because you still have feelings and she doesn‚Äôt, but wasn‚Äôt going to kick you out or whatever"
600,Talk to her,": turbo relationship, girl got afraid, I want to know how long to wait before I ask her if she wants to try again"
601,"Yeah , I want to do just that

I just don't know when would be a good time ask her to talk about it",Talk to her
602,Why can‚Äôt you two just talk things out and set some boundaries for the relationship moving forward so you can take things slower? It doesn‚Äôt have to be  complicated,"We amicably broke up because we were moving too fast, I want to try again, how long should I wait before I ask her."
603,"I agree

I just wanna know when should I ask her if she can talk about it",Why can‚Äôt you two just talk things out and set some boundaries for the relationship moving forward so you can take things slower? It doesn‚Äôt have to be  complicated
604,You date people to find out what kind of person they are,: girlfriend blames me for everything
606,Blame shifting is the hallmark of a weak and immature person,My  Girlfriend  blames me when anything goes wrong
608,"I would almost be sure that any woman you, me, or anyone has or will ever be with has been with someone bigger",: my girlfriend accidentally made me feel insecure about my penis and I don‚Äôt know what to do about it.
610,"First of all, congrats on the orgasm",My girlfriend  of six months accidentally made me  feel very insecure about myself and I‚Äôm really not sure how to move forward.
612,"I mean, your response isn't totally unreasonable, if you do it in a non-vindictive way","! My boyfriend thinks I‚Äôm lazy because I sleep in, procrastinate, and stay home a lot. I think I do way more than he comprehends (part time job + study + chores). Is there a mature way to resolve this?"
616,You break up because of a fundamental incompatibility,: my boyfriend really hates being touched and touching me. What should I do?
618,You can't go into a relationship expecting to be able to change the other person,My boyfriend hates being touched. Does anyone have any advice ?
620,She‚Äôs not your girlfriend anymore,my sister's ex called my sis to tell her about screwing my ex and I feel sick to my guts
622,"Get therapy man and start working out and after you get over this, start dating again",MyM ex gf F hooked up with my sister's ex/my friend M
623,"Rn I am working full time and work out, it has been great and I thought (fool me) that being friends with your ex is aight","Get therapy man and start working out and after you get over this, start dating again"
624,"""I have good news"" for you mate","I just got out of a relationship where I took things super fast, and now I have met a new girl where we both want to take things slowly. What things can I do to help make sure that we are taking it slow?"
632,"Someone that pushes you away to ""punish"" you isn't worth keeping",": bf distanced from me a week as ‚Äòa punishment‚Äô for a missunderstanding. I tried so much to fix it. After do many efforts he is nice to me again. But I feel I need to constantly be the one who tries. He gets clueless, frustrated and silent pretty fast. He just blames his lack of experience."
633,Indeed,"Someone that pushes you away to ""punish"" you isn't worth keeping"
634,"This sounds like a very exhausting, unhealthy relationship",I [late 20‚Äôs F] feel I can‚Äôt be closer to him after what he did
636,there's not much you or your SO can do,: how to navigate and support my partner who's mom sick and dad exhausted
637,Thank you for your words,there's not much you or your SO can do
640,">	I always thought that women don‚Äôt have to put much effort into dating, hence what I‚Äôve seen from other women‚Äôs experiences",: Unrealistic or just haven‚Äôt met the right one?
642,"OP, there isn‚Äôt anything in here about the type of qualities you‚Äôre looking for beyond the external, and that‚Äôs a little concerning, especially when you say that you ditched someone because of his looks",Am I unrealistic about relationships?
644,This is just a hot mess,- my friends advice me to break up but I love him so much. I know he flirts with other girls. I was trying to be okay with it. But right now I don't know wat to do.
646,He baits you into being possessive,I feel like My bf is cheating on me
647,Had an ex that did this,He baits you into being possessive
648,Sending many hugs,: emotionally scarred from past relationships/ finding it so hard to heal. I need someone I can talk to
649,Coming now!,Sending many hugs
650,"Do you have deep conversations with people before you get too deep with them?

Before I dated anyone I'd want to know what their views on men and women were, whether they were together in terms of money, being clean, being emotionally stable",Im finding it so hard to heal F21
652,Take a deep breath,: feeling inadequate after connected the dots and found out that my gf is a grand daughter of a very important person
654,Being rich or high status doesn't actually innately make it easier for women to date,Feeling inadequate and confused on what should I do?
656,When you are in her parents house you respect their rules,": Girlfriend's parents don't allow me to have a drink around them, girlfriend supports her parents even though she drinks too."
657,Yeah I have a good sense of that,When you are in her parents house you respect their rules
658,You're completely right and it's your right as an adult to drink,My future fiance's family is anti-alcohol.
659,"Thank you for the input! Since it usually causes a brief argument whenever it's been brought up, I've mostly been avoiding it and just sucking it up",You're completely right and it's your right as an adult to drink
660,I think maybe it‚Äôs more of an acceptance thing,: My partner has way more friends than me and really likes to go out and have fun. I‚Äôm worried my reaction to this difference is going to have an adverse affect on our relationship because of behaviours that may arise from feeling less than / unworthy.
661,It‚Äôs so odd though,I think maybe it‚Äôs more of an acceptance thing
662,My late wife was very similar,I  struggle to integrate into my partners  friend group.
663,Thanks for sharing that,My late wife was very similar
664,"I think anytime a partner says ""Ya know it's fine if we break up"" it's a huge red flag, regardless of however they rationalize/explain it",": at different crossroads in our relationship and I am thinking of ending the relationship, so is what i am doing the right option? Also how do you come to term on ending a relationship if it wasn‚Äôt rooted in anything negative?"
665,If i think ending the relationship is what i should do,"I think anytime a partner says ""Ya know it's fine if we break up"" it's a huge red flag, regardless of however they rationalize/explain it"
666,"Loving someone is easy! It‚Äôs the rest that‚Äôs hard: being compatible, at the same stage of life and with similar goals and all that",Am I doing the right thing?
668,"Hey, similar age and also DINKS by choice","**: My wife and I are getting to an age where it's just getting so hard to make and keep friends.  This week has been really demoralizing with people having blown us off, and I can't help but feel like even trying to make anything happen with anyone is just virtually impossible at this age.  What can be done?"
669,These are all really solid strategies,"Hey, similar age and also DINKS by choice"
670,"I don't have any great advice, but this does remind me of a wonderful tweet that I saw","I'm  so exhausted of it being impossible to make or keep friends at this age, and I'm kind of depressed about how many have let me down. What can even be done?"
672,Sorry,I'm having a hard time getting over an ex and need advice or stories to help.
674,Time + distance,How do I get over my ex?
675,Honestly I do occasionally keep tabs on what she posts online and recently it's been all about her hook ups with other people and it just shoots my anxiety through the roof,Time + distance
676,Your relationship is toxic AF,: My girlfriend made rules for what i can and can‚Äôt do but broke them and she can‚Äôt control her emotions and breaks down a lot about me doing things with other people especially when weed and alcohol are involved and she wants me to be around her all the time and she keeps shouting at me over things i can‚Äôt control and i feel like i need to live my life to please her to avoid hurting her or having her break down and hurt herself physically over me. So i‚Äôve ended up hiding hanging out with friends and i feel distant from my family and isolated from everyone else.
678,"For the future: Don't *ever* date someone who thinks they have the authority to make ""rules"" for you",My  girlfriend  made rules for me and i feel like i can‚Äôt see friends and im isolated from my family but it‚Äôs my own fault
680,The first crush is intense,not able to forget a crush. How do I do it?
681,"Gawd,this is what I was worried about",The first crush is intense
682,i remember but being 30 now it was all so childish to me looking back to a relationship from when i was 16-17,Do we ever forget our first crush?
683,The thing is it never amounted to a relationship,i remember but being 30 now it was all so childish to me looking back to a relationship from when i was 16-17
684,You can't help an addict unless they want help,: Friend drove my car to a liquor store and drank for 2 hours while I covered for him at our job. He then drove his drunk ass back to work. I saw the whole thing on my car's camera.
686,"Lady, you need to take a serious step back  from that friendship",My friend is an alcoholic and I dont know how to help him.
687,Don't think for a second that I am not considering your advice by asking this question --- How do I step back without him feeling like I've abandoned him? We have been friends for years,"Lady, you need to take a serious step back  from that friendship"
696,"As a general rule, you should never be especially concerned over the behavior of someone you‚Äôre *not* in a relationship with",": an online friend messages my partner constantly, compliments their appearance, and frequently says they miss them - is this inappropriate?"
697,It's always struck me as strange when people say they trust their partner,"As a general rule, you should never be especially concerned over the behavior of someone you‚Äôre *not* in a relationship with"
698,>For my partner it is just a platonic online friend,Should I be concerned over my partner's online friend's behaviour?
699,"Thanks for the response, I appreciate it",>For my partner it is just a platonic online friend
700,First thought is too much jerking either now or historically,": My boyfriend has issues finishing, no matter how long we have done it. However has no issue with jerking off (not a porn issue)."
702,"If you're long distance and just saw each other for a brief period of time, it's possible there's a bit of anxiety/pressure to perform",My bf  has trouble finishing
704,"Figure out how you can afford to move out, whether that's getting help from family members, asking for a raise/getting another job, anything",: my relationship is basically nonexistent. Bf is useless unromantic unchangeable. I need advice
706,Get away from him,Nonexistent relationship help
708,If you're in school you should be able to access a counselor on campus or through zoom,The relationship doesnt feel right and im not sure wheter its my anxiety talking or im just dumb and need to leave
710,"It would be a mistake to dump your partner to spare his feelings, as it would ignore his feelings in the first place",the relationship doesnt feel right anymore (m18
711,Thank you for that :( i really appreciate hearing all that,"It would be a mistake to dump your partner to spare his feelings, as it would ignore his feelings in the first place"
716,"Sorry but a break at 30 years old is just Breakup Lite‚Ñ¢Ô∏è because someone doesn‚Äôt want to be the bad guy, or the logistics of a breakup are too daunting or whatever","me and fiance started a break and she instantly has been super horny and masturbating all day, I think it's screams suspicious, what do you guys think?"
717,"Yeah I agree, I even said this is mostly likely the beginning of the end for us","Sorry but a break at 30 years old is just Breakup Lite‚Ñ¢Ô∏è because someone doesn‚Äôt want to be the bad guy, or the logistics of a breakup are too daunting or whatever"
718,going onto or off the Pill is 100% a well known cause of a major change in libido,Me  and my fiance  have just gone a 2 month break today and everything has changed.
719,Yeah I accept that but I forgot to say she's been off it just over a year and has never orgasmed alone more than twice or three times in one day,going onto or off the Pill is 100% a well known cause of a major change in libido
720,Why do you want to have more children with a man who leaves you to parent those children solo?,": My boyfriend thinks because I am not the perfect housewife I originally ""sold"" myself as before having a child, that I don't deserve to have more children with him."
722,Your boyfriend sounds like a giant fucking a**,"Partner agreed to have multiple kids, now saying one and done"
723,My parents divorced when I was young and I never wanted that for my own kids,Your boyfriend sounds like a giant fucking a**
724,How did you find out about this? Are you 100% sure it‚Äôs true?,: My girlfriend lied about her past relationships. I am not upset about her past relationships just sad she hasn't been honest with me and now i have trust issues and question if she has lied to me about other things. Should i approach her about it or just let it be?
725,"Her Facebook wasn't working and she gave me her password to she what went wrong, looked through the old conversation after Facebook started working",How did you find out about this? Are you 100% sure it‚Äôs true?
726,"Despite it being the past, if you think it will continue to bother you then bring it up and talk about it","My girlfriend lied to me about one of her ex relationship, should I approach her about it or just let it be?"
727,"The past doesn't bother me dude, it just that she made a whole story and lied to me","Despite it being the past, if you think it will continue to bother you then bring it up and talk about it"
732,"Wow, actual gaslighting",: my partner sneaks back in place items I'm searching to make me look messy and it's driving me crazy
733,"Right? *Actual* gaslighting!  It almost never gets used correctly!

I‚Äôd seriously sit him down and explain that, at least to me, this is *the worst thing you do to a partner* and I would *absolutely* dump him if he did not stop this abusive behavior immediately","Wow, actual gaslighting"
734,That's weird,My.  partner  is item items in the house to makes me search for them.
735,Yes it's more like he doesn't want to take the blame like a child hidding evidence of a mistake,That's weird
736,You have a history of moving too fast so I think that you should go with the flow here,"*** - *I (30/F) am having trouble dating (27/M/trans) due to insecurities/attachment issues I am dealing with. We have only been on two dates, not sure if I should talk to him about it for reassurance or just try to go with the flow. *"
738,"I think a general overview conversation would be good for you both, but maybe give it a few more dates before you have the deep dive convo","I  am struggling with dating new guy ), not sure if I should tell him what I‚Äôm feeling."
739,That‚Äôs fair,"I think a general overview conversation would be good for you both, but maybe give it a few more dates before you have the deep dive convo"
740,This happened to my best friend,: Can‚Äôt take emotional abuse from bipolar partner. Divorcing and losing the only family I‚Äôve ever had. Any stories or advice is appreciated.
741,That‚Äôs encouraging,This happened to my best friend
742,Leave before you have any children,Divorcing over bipolar episodes.
743,So many broken children are screwed up because of parents with mental illness,Leave before you have any children
748,You're being reasonable,": invited boyfriend to bday dinner party, he said no not really because he doesn‚Äôt like/get on with my friends, I‚Äôm upset because it‚Äôs my bday dinner and I‚Äôd like to spend time with him"
750,Honestly this shows how immature he is,My  boyfriend  doesn‚Äôt went to come to my bday dinner
752,"Get out! Once he doesn't have anyone looking over his shoulder anymore, he'll go back to his old ways",": husband was abusive in another country,we moved to his home country,told my parents about what happen, believe in his change but don't in the same time."
754,">He hasn't been abusive since then

Nuh-uh",What would you if you were me?
756,I know coming out of a relationship like this can seem like hell,: getting over narc trauma. How to move on.
758,"OP, seriously, just be done with this guy already",Found out the reality of my ex  and I am heartbroken that our relationship was not what I thought it was.
760,He might have his parents on an information diet in general,Boyfriend keeping me a secret from his parents after 6 years
761,"""Information diet",He might have his parents on an information diet in general
762,"What did he say when you asked him about this? 6 years is a long time for a relationship for his parents to not know about you, or to keep you from them",6 years together yet his parents do not about my existence
763,He just says that he does not want to share his personal life with his parents,"What did he say when you asked him about this? 6 years is a long time for a relationship for his parents to not know about you, or to keep you from them"
764,"If you don‚Äôt want to date a drinker and she drinks I don‚Äôt see why you would waste both of your time?

You also don‚Äôt seem super attracted to her and already think you are better than her which isn‚Äôt great footing to start off in","this girl is perfect, besides the fact that I'm not totally sure if I'm attracted yet"
765,"I don't mind that she drinks, it's that she wouldn't stop talking about drinking, like it was a personality trait or something","If you don‚Äôt want to date a drinker and she drinks I don‚Äôt see why you would waste both of your time?

You also don‚Äôt seem super attracted to her and already think you are better than her which isn‚Äôt great footing to start off in"
766,"Keep talking for a week, then decide",Should I go on a second date?
772,Sorry but you need to get rid of him,; a potential BF keeps spurning my advances and I don‚Äôt understand why.
774,I think what‚Äôs going on is that he deeply respects you and cares for you deeply plus with the fact that y‚Äôall are doing long distance the actual chances of wanting to do it is hard to immediately get straight down to it,Potential BF says he wants more
775,Thank you so much for your insight!!,I think what‚Äôs going on is that he deeply respects you and cares for you deeply plus with the fact that y‚Äôall are doing long distance the actual chances of wanting to do it is hard to immediately get straight down to it
776,"From the other perspective, if someone offered without prompting to watch my dog for a few days while I'm away and didn't ask for payment, and then asked for money after the fact I'd be pretty put out",": volunteered to puppysit, but am now seeking money for our time because hes too much for us to handle: not pottytrained, and I'm on crutches"
777,Thats where I am,"From the other perspective, if someone offered without prompting to watch my dog for a few days while I'm away and didn't ask for payment, and then asked for money after the fact I'd be pretty put out"
778,You should probably have asked for payment first before offering,How to ask for payment for puppysitting
779,"If I could turn back time, lol",You should probably have asked for payment first before offering
780,You are young and want to explore,"Made plans to marry my boyfriend but now I want to move abroad for some ""self searching"" but don't want to hurt my boyfriend"
781,I agree with you but what can happen is that OP regrets it once abroad and comes back to a man who has moved on,You are young and want to explore
782,"Is it a possibility to explore the world with him by your side, or maybe change the method of your self searching? It doesn't hurt to reach a compromise that allows both him to be there, and you to find yourself",Planned to marry my  boyfriend  but now I want to move abroad to explore life
